<products>
    <product>
        <id>11</id>
        <name>Samsung</name>
        <unitPrice>35000</unitPrice>
        <stock>50</stock>
        <status>1</status>
    </product>

    <product>
        <id>20</id>
        <name>HTC</name>
        <unitPrice>65300</unitPrice>
        <stock>35</stock>
        <status>0</status>
    </product>

    <product>
        <id>23</id>
        <name>Nokia</name>
        <unitPrice>25100</unitPrice>
        <stock>100</stock>
        <status>1</status>
    </product>
</products>

